{
  "metadata": {
    "version": "Agent_V2_Optimized",
    "total": 120,
    "timestamp": "2026-04-22 03:17:21"
  },
  "metrics": {
    "avg_score": 3.8591666666666664,
    "hit_rate": 0.8166666666666667,
    "agreement_rate": 0.9595833333333333
  },
  "performance": {
    "success_rate": 1.0,
    "average_test_time": 0.051748645000013006,
    "retry_rate": 0.0,
    "total_execution_time": 6.209837400001561,
    "successful_tests": 120,
    "failed_tests": 0
  },
  "regression_analysis": {
    "score_delta": 0.024166666666666448,
    "hit_rate_delta": 0.008333333333333304,
    "agreement_delta": 0.0029166666666666785,
    "success_rate_delta": 0.0,
    "cost_delta": -2.2442999998020276e-05,
    "v1_metrics": {
      "avg_score": 3.835,
      "hit_rate": 0.8083333333333333,
      "agreement_rate": 0.9566666666666667
    },
    "v1_performance": {
      "success_rate": 1.0,
      "average_test_time": 0.05193566999999651,
      "retry_rate": 0.0,
      "total_execution_time": 6.232280399999581,
      "successful_tests": 120,
      "failed_tests": 0
    }
  },
  "release_gate": {
    "decision": "APPROVE",
    "reasons": [],
    "thresholds": {
      "min_score_improvement": 0.01,
      "max_cost_increase": 0.1,
      "min_success_rate": 0.95
    }
  }
}